Designator,Qty,Value,Comment,Footprint,Manufacturer,Manufacturer Part,LCSC Part,Layer,Description
"3V3, LED_5V_GREEN, LED_STATUS",3,NCD0805R1,NCD0805R1,LED0805-RD,NATIONSTAR,NCD0805R1,C84256,Bottom/Top,NCD0805R1
C1,1,22uF,22uF,C0805,SAMSUNG,CL21A226MPQNNNE,C29277,Bottom,22uF ±20% 10V
"C2, C4, C22, C25",4,100nF,100nF,C0805,YAGEO,CC0805KRX7R9BB104,C49678,Bottom,100nF ±10% 50V
C3,1,1uF,1uF,C0805,SAMSUNG,CL21B105KOFNNNE,C24123,Bottom,1uF ±10% 16V
C23,1,10uF,10uF,C1210,SAMWHA,CS3225X7R106K500NRL,C2918502,Bottom,10uF 50V
H1,1,2.54-1x6P直针,2.54-1x6P直针,HDR-TH_6P-P2.54-V-M-1,BOOMELE,2.54-1x6P直针,C37208,Bottom,1x6P 间距:2.54mm 方针 直插
LCD2,1,1.8 inch TFT LCD module,1.8 inch TFT LCD module,1.8_inch_TFT_LCD_module,,,,Top,
LED1,1,333-2SURD/S530-A3,333-2SURD/S530-A3,LED-TH_BD5.9-P2.54-RD_RED,EVERLIGHT,333-2SURD/S530-A3,C87271,Top,5mm圆形灯头 红色
"PWR, SWT",2,PZ254V-11-02P,PZ254V-11-02P,HDR-TH_2P-P2.54-V-M,XFCN,PZ254V-11-02P,C492401,Bottom,1x2P 间距:2.54mm 方针 直插
"R1, R2, R32",3,1kΩ,1kΩ,R0805,FOJAN,FRC0805J102 TS,C2907295,Bottom,1kΩ ±5% 125mW 厚膜电阻
"R3, R4, R5",3,10kΩ,10kΩ,R0805,FOJAN,FRC0805J103TS,C2930231,Bottom,10kΩ ±5% 125mW 厚膜电阻
SW1,1,TC-6615-5-260G,TC-6615-5-260G,SW-TH_4P-L7.5-W5.0-P4.50,HCTL,TC-6615-5-260G,C2845270,Bottom,轻触6*6*5支架 插件260g
U1,1,AMS1117-3.3,AMS1117-3.3,SOT-223-4_L6.5-W3.5-P2.30-LS7.0-BR,UMW,AMS1117-3.3,C347222,Bottom,3.3V 1A 12V
U2,1,2.4GHz,2.4GHz,WIFIM-SMD_39P-L25.5-W18.0-P1.27-BL,ESPRESSIF,ESP32-WROOM-32D-N4,C473012,Bottom,不带固件 通用型Wi-Fi+BT+BLE MCU模组
"U3, U4, U5, U6",4,5.1kΩ,5.1kΩ,R0805,FOJAN,FRC0805J512TS,C2930296,Bottom/Top,5.1kΩ ±5% 125mW 厚膜电阻
"USB1, USB2",2,TYPE-C 16PIN 2MD(073),TYPE-C 16PIN 2MD(073),USB-C-SMD_TYPE-C-16PIN-2MD-073,SHOU HAN,TYPE-C 16PIN 2MD(073),C2765186,Bottom,Type-C 母 卧贴
